time,so,thetao,chl,mask,zooc,PEA,pea,mlotst
1993-01-01,31.129530239825588,-1.6632475365069477,1.0195106332052182,1.0,,196.63498674237053,0.0,23.243373392258153
1993-02-01,31.30908878590492,-1.6756056532566994,0.758669023383152,1.0,,181.60305713761713,0.0,23.891996827189537
1993-03-01,31.446148547670276,-1.6915577807681124,0.6493958989599155,1.0,,171.3470211904934,0.0,23.896559752628118
1993-04-01,31.537436704704273,-1.703387021586216,0.6735836634104954,1.0,,163.80754640610797,0.0,23.926615785859614
1993-05-01,31.541263502285886,-1.6521438009762324,1.6328570723788691,1.0,,162.28048840839682,0.0,18.257360884523134
1993-06-01,30.295361186222195,-0.5440114650709931,4.460127929097198,1.0,,195.58434046098182,0.0,10.598062915271479
1993-07-01,29.465670879624707,2.0264505196313567,8.191743141599202,1.0,,244.68911000007972,0.0,10.668107975568494
1993-08-01,29.724429661232048,3.168631959966806,10.005026324059324,1.0,,261.2605691265077,0.0,11.449763583450501
1993-09-01,30.38598751887464,2.6712342411342385,14.521463836810325,1.0,,240.92479669129935,0.0,16.940126307962164
1993-10-01,30.779272040788577,0.36844503787918775,8.210649192971955,1.0,,216.22074400196337,0.0,21.709542323290204
1993-11-01,31.020569326586696,-0.866973129237289,3.221399335610035,1.0,,198.22163246167773,0.0,25.553754672243112
1993-12-01,31.16094489982793,-1.5955868277816276,1.4935766486188617,1.0,,191.46864792149003,0.0,26.288322471866795
1994-01-01,31.507839748999878,-1.6879654219613907,1.008842509905349,1.0,,179.18413058681074,0.0,28.193640995135805
1994-02-01,31.683104265999987,-1.7090549150678962,0.7572170738594799,1.0,,172.60084333577717,0.0,26.11238595009444
1994-03-01,31.855384686655714,-1.724824085721204,0.6660156500457993,1.0,,165.6574764393708,0.0,27.673106880140526
1994-04-01,32.02640106152357,-1.7371233645962638,0.6329964811099865,1.0,,161.73620216564518,0.0,26.9523840034971
1994-05-01,32.055930667362944,-1.7111505294748754,0.9517779476314512,1.0,,162.67501756216774,0.0,21.401021190457882
1994-06-01,30.97877898542105,-1.2682358621073948,1.4007850591340565,1.0,,190.36407565972462,0.0,11.471195440310154
1994-07-01,29.74908107546375,-0.042833564040109934,3.9847695086150527,1.0,,236.67447243086298,0.0,10.488944198213812
1994-08-01,29.737140028853638,1.6004299076522037,12.23673162522558,1.0,,258.32146690013326,0.0,11.930166364375044
1994-09-01,29.95828382274602,0.9582104896067303,10.75527291497386,1.0,,257.5859082505691,0.0,13.96031341195096
1994-10-01,30.21966322991495,-0.6639835117890761,5.9482714272100985,1.0,,243.27860138760363,0.0,16.506960263239975
1994-11-01,30.519140320922563,-1.4685273990899756,2.222827838765073,1.0,,228.80314290447225,0.0,19.726245845871635
1994-12-01,30.705859820234462,-1.6434398278865476,1.0688016116687993,1.0,,213.98303910277,0.0,20.677654319376053
1995-01-01,30.842435264129758,-1.662982357117183,0.7298191110760213,1.0,,204.04207847182985,0.0,22.447018683438706
1995-02-01,30.921749021699142,-1.6689999231940043,0.5701179697895941,1.0,,196.84386443087988,0.0,23.63328237653064
1995-03-01,31.095318304387494,-1.6828228790283544,0.4944691213812221,1.0,,192.87725038776378,0.0,23.473536781081197
1995-04-01,31.329486349958913,-1.6960895097680513,0.5503411268148097,1.0,,185.7217401499984,0.0,23.302421076486535
1995-05-01,31.25248334073262,-1.6491063955671887,1.3129089051687037,1.0,,188.73015087662213,0.0,15.501677366050098
1995-06-01,30.17621906259839,-0.9664230572377908,2.760583731239168,1.0,,216.64119937080793,0.0,10.515278057165169
1995-07-01,29.169782809436583,0.5910183348363924,7.543791516507584,1.0,,259.60530019091425,0.0,10.70678834795666
1995-08-01,29.469444328192168,2.3771417666998502,7.947986711124925,1.0,,279.057801151067,0.0,10.643265749691416
1995-09-01,29.991403399740108,2.466745969019032,8.135288195657655,1.0,,269.8596916205235,0.0,12.456694181613962
1995-10-01,30.896691088810783,0.927189627237797,9.992655398726308,1.0,,224.10859246089802,0.0,23.789048023642543
1995-11-01,31.25245343198737,-0.6716888238126983,3.6610460178925694,1.0,,197.4147698973004,0.0,25.511975725659223
1995-12-01,31.517935603185943,-1.5623153908373697,1.6256738454886233,1.0,,187.1398240143363,0.0,27.092026795665497
1996-01-01,31.742518966852447,-1.706242909999696,0.9455970581018578,1.0,,176.40698338232102,0.0,23.22794875046057
1996-02-01,31.953816806146076,-1.7141382999296433,0.7937229047848021,1.0,,164.9862576155556,0.0,26.87638620369638
1996-03-01,32.02110843466916,-1.7302286577788306,0.7076510759115543,1.0,,156.85586739657063,0.0,25.47117323777543
1996-04-01,32.08621157093026,-1.7381797563994739,0.845157760504215,1.0,,151.70625040576624,0.0,24.667116334505494
1996-05-01,31.80092651420071,-1.6311493479160017,1.2707516507678849,1.0,,156.9298854851335,0.0,14.351965023784187
1996-06-01,30.85603438224579,-0.6376565225093631,4.374658962248878,1.0,,192.06437432153652,0.0,10.957366693724339
1996-07-01,30.17473707491478,1.4310184634548373,6.518776973526194,1.0,,229.29574243381464,0.0,11.05773910567208
1996-08-01,30.382730140777568,2.886392236874185,9.589164978188208,1.0,,239.65896920660578,0.0,11.775953366340534
1996-09-01,30.929170347664783,2.5271523231566717,12.101451820183042,1.0,,223.5329401154116,0.0,17.761831777618905
1996-10-01,31.24274869468131,0.32041407068107564,8.338418019067204,1.0,,204.55289685178374,0.0,24.132289680417223
1996-11-01,31.65303587507145,-0.9147237216051087,3.3982951039933305,1.0,,186.50914571381878,0.0,30.24140936370893
1996-12-01,31.946060695188862,-1.5795585261062444,1.549307906793356,1.0,,171.8459996349706,0.0,30.44741539569958
1997-01-01,32.15020222010892,-1.7057579514991545,1.0173260234557242,1.0,,160.2887963656812,0.0,30.412823350306862
1997-02-01,32.27849626038579,-1.732370419588278,0.8017491174381367,1.0,,151.53009897295595,0.0,31.333917880568897
1997-03-01,32.39318672260856,-1.745848896428658,0.7216559483039732,1.0,,145.4567029411193,0.0,31.19432265390919
1997-04-01,32.43016838738836,-1.7503401601663073,0.7517378413769591,1.0,,141.03119244328795,0.0,31.711663280003307
1997-05-01,32.15174636996757,-1.6167895056897181,1.4995514122867208,1.0,,143.24274099211073,0.0,22.86211541793743
1997-06-01,31.066486884015177,-0.3492121798738948,2.7416143025015653,1.0,,174.57860249524475,0.0,10.628613972017671
1997-07-01,30.352049953901723,2.1425068770398275,7.159046127138727,1.0,,213.73487856787045,0.0,10.780603126601136
1997-08-01,30.650663346395927,3.4754304162077108,10.124947017942997,1.0,,224.8729884875803,0.0,12.294372165767728
1997-09-01,31.215055877813008,3.223181282658501,12.294220078490712,1.0,,209.96211156312341,0.0,16.871993376737723
1997-10-01,31.609936747783596,1.3637605944976745,10.654715498485082,1.0,,176.4822171536108,0.0,28.66842320973657
1997-11-01,31.773568358387845,-0.3567180793379765,3.9420324248164778,1.0,,156.62309322851274,0.0,32.88968274389321
1997-12-01,31.925065537739737,-1.5481209801555496,1.629282547698539,1.0,,147.70507441864828,0.0,32.26152827694163
1998-01-01,32.10823852836021,-1.7066445661758534,1.0099506222220087,1.0,0.21168764101501042,144.52991433058054,0.0,31.843142685296538
1998-02-01,32.229305987356824,-1.728618592388798,0.7612666490320139,1.0,0.3606927675740639,144.59712392613014,0.0,31.423380838524846
1998-03-01,32.16988748272271,-1.7317968551629304,0.6246007309654801,1.0,0.3096827931205597,147.88029659884708,0.0,27.26737284994672
1998-04-01,32.00466722430606,-1.7311166812925884,0.568691423561855,1.0,0.6695773263259989,153.5682448310603,0.0,24.78905569800459
1998-05-01,31.676588112405597,-1.7056237864428643,0.614705705321158,1.0,2.400191866021589,164.67669817704706,0.0,19.491024027503794
1998-06-01,30.109031574802167,-1.2218484423627944,1.1675581448366383,1.0,3.7223047541356538,208.07754329052506,0.0,10.602673338928467
1998-07-01,29.087225989614033,0.9164797939361262,4.823250490164996,1.0,3.1708855687195623,253.7689876149233,0.0,10.583248398435982
1998-08-01,29.448863901388986,2.343605071983525,7.476964199511594,1.0,4.105114770030667,269.62519691286224,0.0,11.504133020497784
1998-09-01,29.989681715436863,1.8627293739591984,10.823264762889341,1.0,4.971295740938376,261.90391951580955,0.0,13.6276825654923
1998-10-01,30.78217074778052,0.6679903343483339,9.043781496388203,1.0,2.777593286988326,221.2216432366235,0.0,22.967024084884606
1998-11-01,31.434079252043208,-0.774536327133458,3.6872252042216966,1.0,2.6639733460986306,178.54522004825674,0.0,31.66735575789613
1998-12-01,31.6501695201565,-1.6287153446101235,1.5577349333144694,1.0,2.6564734574149025,167.08575501774337,0.0,28.403816903081353
1999-01-01,31.842058066470905,-1.6978972089223878,1.024537677213242,1.0,2.466528430678802,160.51732480566895,0.0,29.270230094776103
1999-02-01,31.98966523796508,-1.7204670566691727,0.8108779340292414,1.0,1.9249721077750157,154.72270495297604,0.0,31.709269995889827
1999-03-01,32.119375993482365,-1.732927518902403,0.7051192552002935,1.0,2.191227345637502,150.238076419953,0.0,32.53948427746267
1999-04-01,32.30624720086037,-1.7540490252022682,0.6856596586775684,1.0,1.8853731513708853,144.84364469850328,0.0,33.40545002801634
1999-05-01,32.24903800962321,-1.7288221953959293,0.7994898850321734,1.0,2.2472936794347556,147.24315858079675,0.0,21.564583958268408
1999-06-01,31.050047019118466,-1.3064869643659371,1.6141162825580277,1.0,3.138937058498259,179.70458849614795,0.0,10.576739517885834
1999-07-01,29.667803290040084,0.676211697737973,6.197441629276417,1.0,3.7255319502777775,235.6500526743286,0.0,10.788637546182349
1999-08-01,30.475431252390315,3.0906062443098126,12.291028435159012,1.0,3.700562339124395,237.43544199964603,0.0,11.8972966308987
1999-09-01,30.891735099210084,2.831655974999208,11.635827038091639,1.0,2.4093740496611975,226.02970936157,0.0,13.983155624154387
1999-10-01,31.275068789097105,0.6125040233288845,10.49392773662386,1.0,2.340803489648512,197.36231565187347,0.0,25.518538931118883
1999-11-01,31.657097264839624,-1.3451914021600822,3.702860644919338,1.0,2.516138430052727,177.5770963692902,0.0,27.46693823356835
1999-12-01,31.92425474124326,-1.6693959515179293,1.6847504898801982,1.0,2.5806269276532134,166.16982682826117,0.0,31.11815539980151
2000-01-01,32.091192368775445,-1.7122559401911226,1.071650777800239,1.0,2.0151668521732096,159.65202483747908,0.0,33.60637805563793
2000-02-01,32.234986048737156,-1.7401391045714363,0.784554313604829,1.0,2.8864780727847488,153.57050908246129,0.0,34.34873608455524
2000-03-01,32.30387547180344,-1.7492988648970138,0.6452665694049026,1.0,4.704603180808147,149.9234680546903,0.0,32.8468457798698
2000-04-01,32.303992845560195,-1.7563376777343493,0.583350328802263,1.0,3.336049183854509,150.5957889778167,0.0,28.043502447182036
2000-05-01,32.11195194268453,-1.7418830256901516,0.5920557398868651,1.0,3.7065257663633466,155.27981957460332,0.0,20.367939607651934
2000-06-01,30.769620096072263,-1.2995683625568895,1.1632289661540691,1.0,4.800656378407562,185.4639267061929,0.0,10.663944973424837
2000-07-01,29.791099218159886,0.2882825170783867,4.882436591572991,1.0,4.255653122389952,233.4346672092439,0.0,10.755618533835586
2000-08-01,30.059225744011666,1.3159154607055825,9.402452182757024,1.0,3.5314160428782455,245.7611720841641,0.0,11.523171515800808
2000-09-01,30.352959916729997,1.5888101490715265,12.0672987792264,1.0,3.7499223344438657,239.7308047768244,0.0,13.250818379974296
2000-10-01,30.496101176744034,-0.12103635254955167,7.711069093587509,1.0,1.8469927716443801,223.09356759763614,0.0,19.28045526518246
2000-11-01,30.85889807863574,-1.1491328266964158,2.7159862795132703,1.0,2.4947998530241855,203.8861616516282,0.0,22.84337571294194
2000-12-01,31.033977260062464,-1.5958022745155835,1.294384610297189,1.0,2.656711588129485,190.6256605389526,0.0,24.111644493509143
2001-01-01,31.15345255188081,-1.6648529097651055,0.8639757247431694,1.0,2.407095208064381,182.05496168828833,0.0,25.83613827040193
2001-02-01,31.16943791422602,-1.6806288728414824,0.7356894623059861,1.0,2.174434187523654,174.96048821648,0.0,25.046706050827716
2001-03-01,31.422904813205957,-1.701827255791583,0.8398282087505621,1.0,2.014370049181969,164.27706695812526,0.0,27.84561920796544
2001-04-01,31.655950363241903,-1.7183399206456595,0.7626268001337073,1.0,2.2513130583840293,157.40564311981785,0.0,28.233900952286206
2001-05-01,31.74382067539423,-1.7086279821154342,0.9419149103228981,1.0,2.7318471702737672,159.6297797542312,0.0,20.467369735881842
2001-06-01,30.78497723998319,-1.0045234327371935,3.090052868133096,1.0,3.6135989080749398,196.3196543620257,0.0,10.616030124476845
2001-07-01,30.183326517523934,1.083165200050785,7.59146901764623,1.0,7.005718874405704,243.63535298759606,0.0,10.783437230594846
2001-08-01,30.03115010957744,1.7050910802300834,8.810328020847576,1.0,3.5989752000574984,268.42029455580644,0.0,11.617007849725587
2001-09-01,30.1742244284174,1.709131320721584,10.806204237068131,1.0,3.3962184101027626,271.178467226333,0.0,13.699870134338552
2001-10-01,30.633373721190626,-0.17341676828546324,8.308871546783163,1.0,3.183356810951297,245.23875638368065,0.0,18.788607523026684
2001-11-01,30.955710878357788,-1.4274918682509758,2.7799399853221507,1.0,2.820865220699619,227.02723423792523,0.0,18.901855437749017
2001-12-01,31.08477371488371,-1.6317075792380593,1.2419869634119305,1.0,1.9085786069519948,215.01256522149572,0.0,19.25012793854948
2002-01-01,31.176469609121487,-1.6487958473363877,0.8257408241612867,1.0,1.7338924725498455,204.29009676137207,0.0,23.284928493335347
2002-02-01,31.52161450251721,-1.6807290946813327,0.6558892783308707,1.0,1.9549710025687046,191.13801853663298,0.0,25.717893562750806
2002-03-01,31.602156120048768,-1.7048832289454119,0.5434181302003619,1.0,3.0308583638873676,188.0906997680551,0.0,22.074073283877638
2002-04-01,31.56495500288466,-1.7105615271130405,0.5352035799526182,1.0,3.0205765313235506,189.12095604013214,0.0,18.55548116135977
2002-05-01,31.33202113157737,-1.6457215762196367,0.723798354424169,1.0,2.929555427629746,194.20998550347625,0.0,14.086660357775035
2002-06-01,30.594578953885954,-0.3903073301603267,2.85433341311963,1.0,4.192060607696684,220.46855677560438,0.0,10.608870386469263
2002-07-01,29.692799111399072,1.2597399494264285,5.739780904709509,1.0,6.216678822448082,261.20836893407693,0.0,10.600734270069216
2002-08-01,29.688717899917446,2.9274923587200012,8.241741039925175,1.0,5.04025631959679,281.25751694124466,0.0,11.221708663876699
2002-09-01,30.200907432171725,2.8248427427089617,9.05448426819334,1.0,3.1196657429513714,260.215254404442,0.0,13.079255102658115
2002-10-01,30.4605969232315,1.0428299562695746,7.431977611662153,1.0,2.4945952771636826,232.44010968832646,0.0,20.569430624638873
2002-11-01,30.965941934594895,-0.8550705555040679,2.9109269031159486,1.0,2.356874127732576,200.10101925884248,0.0,26.730905920493278
2002-12-01,31.040702038511302,-1.5348961589607166,1.3974100062434862,1.0,2.565389229818238,187.9069761744324,0.0,25.618321331674696
2003-01-01,31.127510963574863,-1.6495481631347553,0.8337372906628501,1.0,2.5975463864233133,178.98845129504554,0.0,22.75341056670166
2003-02-01,31.336604253215853,-1.6751324067589948,0.6717954331410599,1.0,2.1434206238504334,170.0600017453729,0.0,23.436666718434413
2003-03-01,31.451855595601483,-1.694713953205991,0.5703602843383482,1.0,2.532127947882621,165.90220017418432,0.0,22.168940202812507
2003-04-01,31.598650808664026,-1.703502650563053,0.6566421191352123,1.0,2.7261253132357397,163.56617346636173,0.0,20.799519294278415
2003-05-01,31.558197702319532,-1.5753716453230397,1.1241963936959483,1.0,2.581464950854246,167.89311288170188,0.0,14.683355119956563
2003-06-01,30.683413785173233,-0.10218620835698974,4.440802813349841,1.0,2.9561564448785895,197.7854496955607,0.0,10.596700124317708
2003-07-01,30.00889552438523,1.8342621599025235,7.840883970812519,1.0,2.6819415501248356,235.65222600570928,0.0,11.146673454963334
2003-08-01,29.881626034232127,2.3285413935080657,10.211759949216967,1.0,2.324880636697242,260.3534098448959,0.0,11.6513015765715
2003-09-01,29.983060102022936,2.0200229481941636,9.03404939316581,1.0,1.6760491519896097,259.0495988454897,0.0,14.063431712891019
2003-10-01,30.384610788902474,0.6796290613528387,6.4882609625202035,1.0,2.416340139085866,226.9159569645674,0.0,21.317741690035408
2003-11-01,30.698201603433102,-0.5920485553720836,2.8345757519472214,1.0,1.679805377220965,210.46261539100257,0.0,24.9347466431437
2003-12-01,30.917209681313718,-1.5652837210990564,1.2490265520473705,1.0,2.1667473525840344,192.33280613862115,0.0,26.124691889990086
2004-01-01,31.22299112631651,-1.6518494993276112,0.96172174337761,1.0,1.8597715591101787,185.20064520709812,0.0,30.44867643645994
2004-02-01,31.622380163141393,-1.7000853554318769,0.8040593717094482,1.0,2.9280587828750675,174.4461068919103,0.0,32.77211587755541
2004-03-01,31.890911417287963,-1.7282107184222035,0.7069547315622317,1.0,2.0353097455589215,169.43139876070626,0.0,30.16646871047264
2004-04-01,32.01070175604811,-1.738191818985464,0.7720912571248025,1.0,2.4860791779876044,165.4520395357229,0.0,27.85235836029392
2004-05-01,31.77213338202586,-1.606973168713328,1.4678927417891872,1.0,2.9702483577495973,167.56756130051932,0.0,17.47946830135255
2004-06-01,30.506066262646804,-0.25079228371651313,4.073079320030464,1.0,3.468895091208844,201.465696669216,0.0,10.546819023207584
2004-07-01,29.604742841551932,1.902385971802855,7.70249793053243,1.0,4.208149292857838,247.062369275269,0.0,10.566271085102676
2004-08-01,29.82825868152824,4.197526388248313,11.112494545852583,1.0,3.3015604978862974,265.3376643215499,0.0,11.223146009737572
2004-09-01,30.36743685143434,3.4731103011822904,10.40867442740267,1.0,2.9945242942096826,246.47388935270794,0.0,14.673741042475209
2004-10-01,30.98239422164832,1.4748678319629562,8.34160899431168,1.0,4.09015540299334,215.04819650801707,0.0,25.04311947840791
2004-11-01,31.22904005675255,-0.8198931580346698,3.2624641693712233,1.0,3.252503598732349,195.9535307761471,0.0,29.462743894261255
2004-12-01,31.366085464774496,-1.5861835276297673,1.5751670310528127,1.0,2.8893010011984503,185.06204855119506,0.0,29.346600963630156
2005-01-01,31.273098786951625,-1.6771553006329392,0.971426857829295,1.0,2.04439769120583,181.9619965492751,0.0,27.785629120371368
2005-02-01,31.30964383862871,-1.6948182171147252,0.6911852201632368,1.0,1.8073603469258612,178.09884301316887,0.0,25.172150968532822
2005-03-01,31.476282586375948,-1.7079413347601053,0.6520806332669874,1.0,2.0895050611164043,172.90882385007586,0.0,24.269064221220695
2005-04-01,31.663241075979993,-1.7231952643549138,0.6690871626020811,1.0,1.9650403271233634,170.5315609088132,0.0,21.495481207910398
2005-05-01,31.53815495026522,-1.6792330988775745,0.8589439760616276,1.0,3.378009203928187,178.8467453046272,0.0,14.047125591541477
2005-06-01,30.650456335423186,-0.4438419631198857,4.7941994414412,1.0,4.474471141838477,210.02387529318253,0.0,10.727481237547266
2005-07-01,29.858886243480693,1.922739468069301,6.539376017155787,1.0,4.310515544356705,250.4797193015161,0.0,10.545327409828843
2005-08-01,30.2540590855595,4.56775451600881,10.970552321575015,1.0,3.0821973192268,260.27585036120587,0.0,11.225308883695467
2005-09-01,30.650230531922173,3.8620824635792252,10.3828950091156,1.0,3.160912664523015,240.66577911406722,0.0,15.441694043162112
2005-10-01,30.984526896343265,1.8253820418052593,10.001278705181367,1.0,5.768902154087068,201.3234390688849,0.0,23.950807306504423
2005-11-01,31.3035761761409,-0.6842228810013053,3.1636842894743897,1.0,4.20611640711954,175.3069678658796,0.0,27.06449281120792
2005-12-01,31.53379053475009,-1.625605458661545,1.4137751061000137,1.0,3.7145820724973917,166.2189746627048,0.0,27.218868523877983
2006-01-01,31.59441111324036,-1.687731653453509,0.8768070154951229,1.0,3.124312164069328,162.3314520542443,0.0,25.669327855836894
2006-02-01,31.688121772602717,-1.6966541725466495,0.717092918363483,1.0,2.831076207963775,160.23423710752218,0.0,27.911325151329414
2006-03-01,31.947154493203946,-1.7221496677712251,0.658772911567182,1.0,1.7103443974615316,155.90899166660506,0.0,29.1846111154552
2006-04-01,32.142382280686526,-1.7452780354110908,0.5972831186469552,1.0,1.9081719329696498,153.75485986265397,0.0,24.793849443527026
2006-05-01,31.951492795212836,-1.7081683905635487,0.8076956759373761,1.0,2.036977755339047,159.2137018822865,0.0,16.77079367977052
2006-06-01,30.776034046628368,-1.140279594443904,1.96912336017234,1.0,3.406807876386557,195.4687087818971,0.0,10.762039246945172
2006-07-01,29.641251939817455,0.6354152238913131,5.634725305597266,1.0,4.190078044415443,242.9487877364817,0.0,10.677986551507
2006-08-01,29.754113190258636,2.0992394670315675,7.91978538797191,1.0,3.042728577233084,258.48407041010176,0.0,10.857102826710948
2006-09-01,30.246243535971246,2.329765595023306,9.379080635180351,1.0,1.9244213517173367,252.93347456104215,0.0,13.615329210194421
2006-10-01,30.874045868516543,1.0955306097037776,8.126823648230815,1.0,3.0443866616682644,216.31715906620718,0.0,22.089138852472598
2006-11-01,31.267202643937956,-0.5920966029913028,3.4404635744440233,1.0,2.1191841373786198,188.61516779203004,0.0,27.375868133925277
2006-12-01,31.579453600309982,-1.4738341772894241,1.781823612336517,1.0,1.8668556679730808,169.3038914619567,0.0,30.833988580896115
2007-01-01,31.691256349923446,-1.6843792884326305,1.0815910185310267,1.0,2.297964644333726,159.24393899211162,0.0,29.855161468609595
2007-02-01,31.875068928626956,-1.7175034706660144,0.8739922795343102,1.0,2.1685794861359504,153.70223453678864,0.0,30.707641512254582
2007-03-01,31.996735102816984,-1.7333318863128606,0.6975413523806593,1.0,2.5583769802267198,148.7378982163301,0.0,28.826392038339065
2007-04-01,31.944490941602858,-1.7371974253732871,0.6699087557591589,1.0,2.914311504516655,146.49171840294278,0.0,26.355282205134024
2007-05-01,31.826182777108514,-1.6383217718218575,1.2172580078804756,1.0,3.7898162580828014,147.0598770150034,0.0,16.455953692805128
2007-06-01,30.73322314251627,-0.09354989615993362,4.72420417417734,1.0,3.678538725249917,189.95759410110568,0.0,10.573085098110665
2007-07-01,30.402249381583097,4.167914041730339,7.8318113674517695,1.0,4.313279226332568,229.98375048427638,0.0,10.519224074358709
2007-08-01,31.07237232031636,7.259484242129597,9.265578514173956,1.0,6.054880631509378,229.08583678260842,0.0,10.851882229768297
2007-09-01,31.44225019480211,6.528070360622881,12.029288521180057,1.0,2.937078424053813,204.93899857357567,0.0,15.81471386140562
2007-10-01,31.63316126218067,2.749644533869837,11.66844303482873,1.0,3.457513180863305,169.88527867681665,0.0,30.86037656958131
2007-11-01,31.812071020969935,-0.39293227489873817,3.8633194472062256,1.0,4.099209918974699,153.61836082454312,0.0,32.98868536466516
2007-12-01,32.052813150651154,-1.3850307204368897,1.9045788329348114,1.0,3.3660048192697674,141.32716611047576,0.0,34.00455890748062
2008-01-01,32.17488124816564,-1.703834625579914,1.1118387197286927,1.0,2.8672797782059214,138.2575710444909,0.0,32.23784522149211
2008-02-01,32.26174658457777,-1.733789897348514,0.7964845604822243,1.0,2.18975297035315,137.59631795279242,0.0,31.863943755098067
2008-03-01,32.4297723942181,-1.754085829958623,0.6788021091015104,1.0,2.4047032520760125,134.66254841567587,0.0,29.98753543263233
2008-04-01,32.55241377296675,-1.76800199960122,0.7469209211261633,1.0,2.886124752405818,135.94760218219574,0.0,26.764541607806493
2008-05-01,32.3701817428357,-1.686573393152102,1.4044574918695287,1.0,3.0112813017045292,139.88070828500753,0.0,19.4331155887998
2008-06-01,31.073016368608673,-1.07858265236167,2.8147913709014323,1.0,4.52663818549782,180.00533928510447,0.0,10.530573937404126
2008-07-01,30.297622300177427,0.8134288597398397,9.10622151091271,1.0,5.272195135378541,225.58967600803447,0.0,10.846749655075163
2008-08-01,30.51108124720344,2.529083733399925,11.906851797575058,1.0,3.1342093717810298,233.87072801204997,0.0,11.452204414292417
2008-09-01,30.952321334238174,3.065274927443985,10.121036697694121,1.0,2.623297927596841,224.25603678955625,0.0,12.998043257563229
2008-10-01,31.267011515163876,0.7724062956775422,8.410163809420752,1.0,2.3282582032987778,202.39286398271764,0.0,21.721888824336787
2008-11-01,31.395129424972893,-1.064944882606787,3.1178604569213646,1.0,2.5245647789750882,185.30528516283047,0.0,27.94496119511156
2008-12-01,31.59156323484365,-1.6444879433679271,1.3830632452317944,1.0,2.603616944064483,179.3609963943642,0.0,26.58759527820848
2009-01-01,31.562544102822578,-1.6920360497513913,0.8869681026181587,1.0,2.1944168783979867,174.37390027365944,0.0,27.043210071281337
2009-02-01,31.570842054898097,-1.699053734028741,0.6712950729814886,1.0,2.512897064880804,171.41898193265422,0.0,27.507449130288208
2009-03-01,31.714565523548103,-1.7158925820676676,0.6179286587674321,1.0,2.1161165279280256,164.5882181122532,0.0,27.403483324687368
2009-04-01,31.810834561955357,-1.727076204234332,0.5726637631630078,1.0,2.708534956049061,160.9516336653968,0.0,23.447874073586892
2009-05-01,31.442058777273107,-1.6553339955362436,0.6315575108631298,1.0,2.2116683110460795,173.72340913324012,0.0,13.862815782693952
2009-06-01,30.514910408724447,-0.621293433150345,3.5185372206662997,1.0,2.5721767229250596,208.21587635432732,0.0,10.679118843353198
2009-07-01,30.17914579088589,2.2552678041735947,9.46137607027289,1.0,3.334356147165305,241.75368401431663,0.0,10.833094607930942
2009-08-01,30.455403870247235,4.180132305498402,8.670935734863022,1.0,2.6176236370960044,245.832989522823,0.0,11.321206463405547
2009-09-01,30.592101889691392,3.342668754796898,10.171152086483938,1.0,2.6973162082475604,230.29376713931453,0.0,15.451118309555252
2009-10-01,30.840132867034605,1.2367145571397837,7.373796655973238,1.0,2.073426283796935,212.79137521985712,0.0,20.802604434370078
2009-11-01,31.32962348163048,-0.7508796174012035,3.328288586373197,1.0,2.875913464693588,184.86951697147856,0.0,29.349231757209175
2009-12-01,31.259590426493904,-1.6217101680091526,1.3236206454069763,1.0,2.617421207490458,185.4204648784923,0.0,24.15591166106519
2010-01-01,31.282991962709147,-1.675790543502398,0.8826489775189106,1.0,2.324373034472709,186.68998782511974,0.0,25.031098272594292
2010-02-01,31.471379059049422,-1.7007339293550179,0.6845546032089439,1.0,2.648996585650081,182.32696485516135,0.0,25.4058403522441
2010-03-01,31.713520374194708,-1.718379396452836,0.6005712134724416,1.0,2.1722553943379017,170.65539579379217,0.0,23.693957334610133
2010-04-01,31.863743563850097,-1.7305696596625133,0.6497362286996785,1.0,1.9918315586576507,163.75375396181622,0.0,22.906620108162805
2010-05-01,31.71138460245237,-1.6558281701303317,0.9221020199449458,1.0,1.9056154182502667,167.95042013611825,0.0,15.694163832142866
2010-06-01,30.86084690132979,-0.7524733012550034,3.738807046296583,1.0,2.4436329583784198,198.91100098461214,0.0,11.13115392841043
2010-07-01,29.918064747688923,1.1784076771084964,6.178504469159232,1.0,2.871318574248334,248.65998038030634,0.0,10.631271799979588
2010-08-01,30.052150036737167,3.128463009032674,9.299046546663599,1.0,3.2599156017817412,261.60508448838357,0.0,11.369100888790495
2010-09-01,30.493738959649825,4.224585263926081,12.155521191490434,1.0,2.164351071954671,249.77619965992525,0.0,14.003502597332549
2010-10-01,31.09017223289339,1.4617700429751204,9.752829215790744,1.0,2.075171691021265,208.63526016868897,0.0,25.537007875628106
2010-11-01,31.48559626334616,-0.8571516527150248,3.46266779187034,1.0,2.1265333562691864,179.98651953695233,0.0,29.277173001618113
2010-12-01,31.584592528323288,-1.5423428014110145,1.6321798361078719,1.0,1.7785554822411074,179.0640499983873,0.0,28.02634252773479
2011-01-01,31.69008236367004,-1.6922870475515135,1.0450359429312095,1.0,1.8903774364483454,180.91730017542932,0.0,28.127840346005257
2011-02-01,31.74201127976659,-1.7071035531153418,0.8482980835565956,1.0,1.591486949915324,177.58177066436474,0.0,29.631208496124263
2011-03-01,31.724021801380307,-1.7193740885448192,0.6843983148659479,1.0,1.2288963161311663,175.76876533198003,0.0,25.028840435776914
2011-04-01,31.661092186262263,-1.7217714446561125,0.5861486905922768,1.0,1.3353621297473692,176.98503693026416,0.0,20.54701546945541
2011-05-01,31.38893185477146,-1.567560774812638,1.2747034372191817,1.0,1.4252266702731142,186.22566713146728,0.0,12.450097209591767
2011-06-01,30.674666958860346,-0.03860211451946963,5.550688857514705,1.0,2.58263383271635,210.1480763781974,0.0,11.007335974919492
2011-07-01,30.546966787250298,2.6974172073318274,11.089034588327404,1.0,2.6758970695644813,228.78581145957855,0.0,10.827880719404456
2011-08-01,30.75470359590036,4.168725578990344,10.602259947175254,1.0,1.9722445134858397,230.42098543426258,0.0,11.596111729722823
2011-09-01,31.102660378619085,4.063959767904299,12.581638576998781,1.0,1.3997202936830881,226.11147204298,0.0,15.169751657329854
2011-10-01,31.420602793071915,1.9680407801820614,10.725278256523168,1.0,1.446617961959111,200.57813508792552,0.0,25.3911750220388
2011-11-01,31.68869992307607,-0.6698585633144231,3.943693679323841,1.0,1.5026023898666574,174.85375228590948,0.0,34.15551068414363
2011-12-01,31.74699534659681,-1.6286564354153727,1.7203043665206486,1.0,1.8411265672370325,170.23701827702527,0.0,30.76651318849357
2012-01-01,31.774548839724012,-1.7094917124857807,1.0586969286115895,1.0,1.9065561844450427,166.40537306120498,0.0,30.47739675881693
2012-02-01,31.847025944787664,-1.7213517736712742,0.7905987183862561,1.0,1.8888706824932255,159.99648049119745,0.0,31.215469738753406
2012-03-01,31.942863859486646,-1.733751338244141,0.6066278517683251,1.0,1.7270142113608573,157.51911430769164,0.0,27.48581371054822
2012-04-01,32.116303349109074,-1.7475701292218135,0.6384168341355689,1.0,2.197984850926054,153.79959703566524,0.0,23.727796628025384
2012-05-01,31.916584941362647,-1.722150437092237,0.7489393622705154,1.0,2.512741546213747,161.20162759356677,0.0,14.58676599814268
2012-06-01,30.694046355501488,-1.041867213441152,2.7144824730757895,1.0,3.373856882984845,202.94301904693114,0.0,10.580156716102918
2012-07-01,29.585663138891043,0.8487199244540168,5.973462410439111,1.0,2.8481168175957126,255.38004731476002,0.0,10.552812610023828
2012-08-01,29.422197076791896,1.8536756273725403,8.619825704067434,1.0,2.0091796477539505,276.0899425336364,0.0,11.446576892544638
2012-09-01,29.996809464429823,1.7765834409116947,11.91014336856198,1.0,1.638150785024309,264.1803093426971,0.0,14.627521133914392
2012-10-01,30.313713083832486,0.2770882573252843,7.251205099654741,1.0,1.2568366854137745,238.72795572268677,0.0,18.05911825267006
2012-11-01,30.31208707408927,-1.2412458572633542,2.620871248195801,1.0,1.0694024418362713,230.84349262903055,0.0,20.4577897079042
2012-12-01,30.64861677524557,-1.577147116907266,1.300189163378148,1.0,1.3220112972449147,218.34808163394413,0.0,22.89648401578522
2013-01-01,31.17777888651351,-1.6485549884764958,0.9644765440941869,1.0,1.4121638899833235,195.9263156918233,0.0,28.769853261891534
2013-02-01,31.547924412132677,-1.6960463528992027,0.7283888038500663,1.0,1.8533109581714897,184.6290686481116,0.0,28.505077410028175
2013-03-01,31.841707552166863,-1.7151555726912295,0.6879255650879773,1.0,1.9999714746045358,181.03270497050553,0.0,27.545634588504132
2013-04-01,31.908433066055977,-1.726212095822333,0.5881068520771865,1.0,1.870014136401059,182.40929352664145,0.0,22.044342722596564
2013-05-01,31.73603551551563,-1.6843485847617385,0.6654128598905222,1.0,1.4468994137561215,189.34858865463968,0.0,15.620538994811076
2013-06-01,30.547647952652078,-0.8418284174863637,2.011702451993381,1.0,1.9582527595957366,225.15191387246895,0.0,10.572807073665174
2013-07-01,30.022231401812814,1.6753163806275433,7.347369961228308,1.0,2.9107282808929096,263.25727353247385,0.0,10.869327287632425
2013-08-01,30.30182594320334,3.115612399420218,8.574799629685481,1.0,2.1884941832815588,269.3697016722,0.0,11.72543498016957
2013-09-01,30.917602270172612,2.3495621583988906,10.766506221876089,1.0,1.9424917515159905,243.04042465028053,0.0,16.47145307029522
2013-10-01,31.290317975685547,0.6729979640196986,7.075435673384357,1.0,1.9193895382672803,213.79790028198985,0.0,23.504982960083257
2013-11-01,31.40566271479624,-0.9231546924723809,2.941509333942256,1.0,1.6641027653971339,199.05418801073475,0.0,28.944481086002124
2013-12-01,31.54735997056872,-1.6150012841703925,1.457043937708089,1.0,2.415146315514908,191.9277304161563,0.0,27.18810730582183
2014-01-01,31.83270457508532,-1.7007709711019405,0.9687067770450025,1.0,2.223934908137466,176.74180819119218,0.0,28.462356086164164
2014-02-01,31.877452587621605,-1.7242958074822423,0.7191688060540072,1.0,2.1943571274668394,169.17513154569932,0.0,23.45810539205265
2014-03-01,31.971327096113125,-1.7348891907751873,0.6062845493553797,1.0,1.9095117405133804,165.35995772893426,0.0,22.237005532689388
2014-04-01,31.9355480513085,-1.7353340387535043,0.5447706139868208,1.0,1.8577550730557422,167.26160112870494,0.0,17.986672858069824
2014-05-01,31.73228045681959,-1.6290014501387287,1.1417271885879108,1.0,1.9985375184285115,175.06378036943912,0.0,14.105481833737022
2014-06-01,30.891456775534767,-0.6551753426010695,3.27695405129272,1.0,2.144522368281671,200.4530002856238,0.0,10.958302506830154
2014-07-01,30.26437468671549,1.479250096469099,7.543429890753688,1.0,1.9488201069686726,234.31657848143524,0.0,10.724030121712012
2014-08-01,30.70422726465651,3.752113819578822,12.399128014316911,1.0,2.1254801833917454,242.1765617939702,0.0,11.731164161989255
2014-09-01,31.210239218936696,3.3311293577586496,12.669218189196235,1.0,1.6173146069837778,221.8768356678689,0.0,16.903507181189806
2014-10-01,31.580147341839485,1.3247855855034947,9.677093987237804,1.0,2.678114026781375,194.9864802698596,0.0,27.24924338901879
2014-11-01,31.908240369638957,-0.344589977799105,4.121138184607426,1.0,2.088619090706716,171.5265990975305,0.0,33.91571271557878
2014-12-01,32.042856870993795,-1.4345495537080988,1.8224451852921582,1.0,2.276622811761512,159.5213399897198,0.0,33.289368611082104
2015-01-01,32.009845943750946,-1.7027575308573382,1.0793852887210782,1.0,2.132776787850394,155.36537968955304,0.0,29.937030949190458
2015-02-01,31.981319492509247,-1.7198097005183244,0.7433016106762778,1.0,1.931386780331179,151.8913671578812,0.0,25.58481396043141
2015-03-01,32.06309970932664,-1.7338291217324622,0.6608019827942864,1.0,1.6378847780370072,147.793633618575,0.0,22.425146031648776
2015-04-01,32.20981283842972,-1.742959957153312,0.7938645230248513,1.0,2.3259044587290614,143.3611634166143,0.0,22.6384136594201
2015-05-01,31.956083480413252,-1.5999913112608166,1.2624210143496652,1.0,2.4192334591057025,150.53140856146783,0.0,14.122194761226922
2015-06-01,31.044214797183102,-0.15676262751559134,5.430609891312938,1.0,3.005342745639892,186.90962020237163,0.0,11.000915165569564
2015-07-01,30.60497698179195,3.407814373337679,8.445422901160304,1.0,3.7000561829496528,224.26640341494397,0.0,10.639984191878261
2015-08-01,31.06890984418858,4.66956371218782,11.229332412432221,1.0,2.3267256223948825,225.37609746561657,0.0,13.080597546017351
2015-09-01,31.420283881668553,3.1789938201685297,14.40182635648301,1.0,1.8074373007456688,211.5560758824191,0.0,18.147055884754245
2015-10-01,31.55034719989383,1.416135986333399,8.926933216802443,1.0,1.6470377439407962,195.30193497767866,0.0,26.69315444882219
2015-11-01,31.709704617776847,-0.36512740374566816,3.769924227858386,1.0,2.0065313886370757,174.6735833825215,0.0,31.807371265513417
2015-12-01,31.80611286663346,-1.5962399949775765,1.6510867403928282,1.0,2.3945499425921555,166.58882192968244,0.0,29.972409539903676
2016-01-01,31.720905585387737,-1.704367926762092,0.9968494393645966,1.0,2.3752768883543713,164.52270869218125,0.0,27.09330127007229
2016-02-01,31.814376532062152,-1.7126888894827161,0.8192804433035429,1.0,2.185516783767228,155.3024745946113,0.0,29.48227701477821
2016-03-01,31.86513449006914,-1.7297030738075287,0.6559018887684466,1.0,1.8842962465156428,149.96619168529614,0.0,23.863886288817717
2016-04-01,31.94728391968196,-1.7372373192445723,0.8609008888783376,1.0,2.4935334104487876,151.65808056491696,0.0,20.00223578186361
2016-05-01,31.669814280536475,-1.5076728482637405,1.343989035314146,1.0,2.540682743484348,164.51736083602225,0.0,12.076758658967528
2016-06-01,30.64010171913141,-0.25769131765595343,2.9865316030021054,1.0,3.193984802413887,208.0269592322054,0.0,10.629156386815188
2016-07-01,29.758164490486458,1.9285543714785343,5.013958779902735,1.0,3.165793918396183,254.22112623673593,0.0,10.77153136889733
2016-08-01,29.768548454556544,3.1080998183820405,6.836455866907839,1.0,1.6861421763515678,275.79389644366717,0.0,11.563777478349524
2016-09-01,29.739626682843884,2.558186035432006,6.154217842396944,1.0,1.2490642033825206,275.4959646361961,0.0,13.760077296716101
2016-10-01,29.860537938987758,1.7021061439545793,5.479843750704351,1.0,1.0022003773585992,263.91775839527696,0.0,17.566945106464313
2016-11-01,30.276239822646687,0.3151596362875536,2.54276158329958,1.0,1.1498210828286906,226.23878372030893,0.0,25.491805038123328
2016-12-01,30.429663535714475,-1.284637521063128,1.2684941772603764,1.0,1.2039503020162656,212.89813091749286,0.0,26.251011630866532
2017-01-01,30.49835889547293,-1.60976315829888,0.8917303948897288,1.0,1.2626409461759187,202.72452105736903,0.0,28.178453713578673
2017-02-01,30.461932401318958,-1.6322267578155174,0.6498661001633529,1.0,1.3354646639078753,198.291573051236,0.0,27.348368022389536
2017-03-01,30.624429254846287,-1.6510465010572921,0.577166225359745,1.0,1.3418522880444648,196.1962410195602,0.0,27.02126957754299
2017-04-01,30.769633710809178,-1.661547066757947,0.7204151979917175,1.0,1.2977291699429327,197.9653074716899,0.0,24.364629449541802
2017-05-01,30.840526486841465,-1.3502832715180824,1.9248852223691741,1.0,1.443419764966822,202.2323333329978,0.0,16.106623369469638
2017-06-01,30.519951259321846,0.45441268461712647,5.354192333779942,1.0,2.3267474907012295,222.98922844392018,0.0,11.473839688349818
2017-07-01,29.95314404724821,3.3202356892543823,7.382276193717845,1.0,3.390481198654056,261.9385472949596,0.0,10.809201529955512
2017-08-01,30.069361176537825,4.57742623290892,9.726267919706485,1.0,2.1480637013135655,272.12365041857964,0.0,12.592065427178945
2017-09-01,30.313961901148193,3.843929996699194,9.461222239075202,1.0,1.8730033422464778,265.9001616092186,0.0,14.644322206928898
2017-10-01,30.60859058779801,2.1576315648779647,6.617159215611387,1.0,1.9931803882085455,237.88730043761788,1.2543629775691652e-34,22.999487098545377
2017-11-01,30.956060758607812,0.23612921556047714,3.333230115011426,1.0,2.8419347296406166,207.19664174576585,1.3315332648999131e-34,29.019190800049078
2017-12-01,31.378585193376058,-1.3336047265948987,1.65155025659588,1.0,2.580428864985678,178.5318668513433,1.331903249469278e-34,31.719901377044764
2018-01-01,31.469605667140016,-1.64941360613383,1.0265220745824364,1.0,2.2818752166989125,177.51675489390738,1.3817230639136994e-34,26.822423376698477
2018-02-01,31.45459499360826,-1.6628449711833098,0.8941361918124264,1.0,1.6888460431295556,177.34901408841998,1.3717394854379394e-34,22.64471232415008
2018-03-01,31.600700954165045,-1.691537582602044,1.160519227084001,1.0,1.719500304183465,168.03014645532429,1.5446270698023844e-34,25.09190890657036
2018-04-01,31.812104930181057,-1.703968497372665,1.3916825635898602,1.0,1.9169203938187895,156.81922876368083,1.6977726509873113e-34,23.954563415979564
2018-05-01,31.71930975605941,-1.2905532915474636,2.3449500671534627,1.0,2.8793686694985845,156.44462851106692,1.6071328982528808e-34,17.2254457168152
2018-06-01,30.867290856159602,0.24613729889693498,3.621637034562869,1.0,4.271230468555523,190.29498193319307,1.652794832963132e-34,10.850946540632515
2018-07-01,30.314926482386817,2.4396283973363615,6.839802495572958,1.0,5.558243513757534,233.76414899465126,1.3857984143784737e-34,10.984744736879847
2018-08-01,30.313221355354496,4.1333520039821705,9.385850394881077,1.0,4.025437468496758,250.10473136726216,1.3436909066408584e-34,11.59607776898464
2018-09-01,30.376049076257615,4.692328252851746,8.97600376305729,1.0,3.039791068838546,250.82484350810049,1.3319032494692785e-34,12.777331154058112
2018-10-01,30.673769722537422,3.333301716057636,8.660634203717235,1.0,4.11483476377092,231.22129940584318,1.3315332648999131e-34,19.625676835044104
2018-11-01,30.728928661490507,0.34759270166764306,3.2025469134869575,1.0,3.7942014108746367,204.4201567881905,1.331903249469278e-34,25.98899533920879
2018-12-01,30.958277324167,-1.4261037542715524,1.419865153444394,1.0,2.6387342946239545,190.97067526894642,1.3558764502340848e-34,26.7647453033351
2019-01-01,30.996222803584843,-1.6592251448613065,0.8670115910989972,1.0,2.232379022184338,190.2832896247634,1.3850999540282474e-34,24.714631107136757
2019-02-01,31.147914814946922,-1.6785743193998026,0.7377747177546642,1.0,2.1262382613955673,188.2752324256883,1.4473748772752273e-34,24.58096176456962
2019-03-01,31.27343727111139,-1.697709767099996,0.9948088997634096,1.0,2.1230780066701316,184.11847600583707,1.6796097399441187e-34,24.100714947015643
2019-04-01,31.38449359325306,-1.7049456983251192,1.1490537226247068,1.0,1.9926143599656108,181.9767603232244,1.593062072832345e-34,19.97764443468965
2019-05-01,31.20035797562545,-1.2284215150732867,3.568954424844244,1.0,2.263814185794671,192.40447469831818,1.7704237217129023e-34,12.154166842095961
2019-06-01,30.400695358258748,0.6301439587727438,7.2682819981511155,1.0,2.9849961079391636,223.9184847822785,1.3820524005200489e-34,10.584719730120579
2019-07-01,30.173697947379505,4.396548951915748,11.481378095685033,1.0,3.9472357558129594,259.6067447749761,1.3596229996176186e-34,10.720470552233433
2019-08-01,30.551202872796754,5.947779772716882,12.97674327372347,1.0,3.7011097489939155,264.463082365588,1.3440603556813643e-34,11.330359541925972
2019-09-01,30.845309864051988,5.40487935181926,11.688773885728805,1.0,2.9537544974419183,255.1878617724355,1.3315332648999131e-34,13.432104261773414
2019-10-01,31.191924292397356,3.054927314835294,9.092546028054517,1.0,2.467730383496496,229.64853206834434,1.331903249469278e-34,21.777024464855977
2019-11-01,31.294015982605917,0.24154890812442512,3.727077990028133,1.0,3.595547262132186,212.6809258661818,1.332849464124888e-34,27.148409900768673
2019-12-01,31.448005950312126,-1.3457358341169159,1.6810324962825391,1.0,2.825820050795394,196.28531661686196,1.3955608466455969e-34,29.573496517719377
